Id,Sex,Name,Password,Country,EMail,ContactNumber,ResultId,CompetentionId,BDay,PicPath
1,0,Jane Smith,123,Brazil,JaSm898@gmail.com,2817834,1,4,10/18/1996 07:18:27,
2,0,Jane Preton,462738,USA,JaPr128@gmail.com,2864457,2,6,08/16/1996 20:30:53,
3,0,Jane Belkov,640555,Japan,JaBe769@gmail.com,2482016,3,17,09/27/1994 11:28:50,
4,1,Sergey Dzerghinsky,690375,Italy,SeDz530@gmail.com,2237406,4,14,05/18/2001 17:27:03,
5,1,Sam Potter,314586,Belarus,SaPo131@gmail.com,2652412,5,12,05/25/1996 17:01:36,
6,0,Darya Sergushev,439728,Spain,DaSe294@gmail.com,2376845,6,7,07/21/2000 02:49:16,
7,1,Peter Dzerghinsky,554272,Japan,PeDz422@gmail.com,2101800,7,17,10/04/1991 11:32:40,
8,0,Tanya Sergushev,121817,China,TaSe202@gmail.com,2390431,8,11,02/26/1992 21:07:10,
9,0,Jane Parker,161960,Switzerland,JaPa865@gmail.com,2207991,9,17,04/26/1992 22:48:05,
10,1,Mark Dzerghinsky,563899,Japan,MaDz841@gmail.com,2241159,10,8,06/21/1992 11:34:38,
11,1,Igor Caramba,849177,Belarus,IgCa167@gmail.com,2243718,11,15,01/11/1992 14:35:09,
12,0,Sophie Smith,314780,USA,SoSm755@gmail.com,2701289,12,14,10/20/1992 09:22:52,
13,0,Trisha Preton,917163,Japan,TrPr299@gmail.com,2538999,0,17,12/09/1995 19:04:07,
14,0,Trisha Sergushev,560337,Spain,TrSe153@gmail.com,2761709,0,19,09/19/1994 05:17:42,
15,1,Pavel Perky,803583,Spain,PaPe848@gmail.com,2170263,0,19,06/03/2000 09:09:10,
16,1,Mark Smith,136430,Spain,MaSm217@gmail.com,2207879,0,6,09/10/1998 22:16:57,
17,1,Bob Parker,419580,Japan,BoPa789@gmail.com,2304863,0,5,10/03/1990 17:42:49,
18,0,Tanya Sergushev,273938,Germany,TaSe714@gmail.com,2767537,0,19,10/02/1998 16:17:06,
19,1,Sergey Perky,739586,Canada,SePe598@gmail.com,2337326,0,4,11/25/2000 13:13:11,
20,1,Bob Belkov,330364,Japan,BoBe258@gmail.com,2784392,0,7,04/05/2001 09:46:11,
21,0,Sasha Perky,221257,Germany,SaPe870@gmail.com,2656518,0,2,09/13/1998 10:42:47,
22,1,Charlie Parker,593709,China,ChPa235@gmail.com,2252922,0,1,01/14/1994 02:12:20,
23,0,Jane Potter,316072,Russia,JaPo527@gmail.com,2630493,0,19,09/12/1997 23:49:35,
24,0,Jane Sergushev,260276,South Korea,JaSe644@gmail.com,2418778,0,2,12/01/1996 09:39:49,
25,0,Sasha Potter,214745,Russia,SaPo223@gmail.com,2550941,0,9,04/18/1998 13:30:21,
26,0,Jane Dzerghinsky,950074,Russia,JaDz167@gmail.com,2250691,0,15,08/18/1995 13:07:19,
27,0,Trisha Preton,493601,Germany,TrPr948@gmail.com,2881796,0,11,04/27/1996 13:00:42,
28,1,Charlie Perky,266093,Belarus,ChPe774@gmail.com,2163844,0,13,08/12/1991 00:44:44,
29,1,Pavel Belkov,167886,Brazil,PaBe488@gmail.com,2128093,0,11,08/11/1992 01:29:20,
30,0,Sophie Belkov,380491,USA,SoBe988@gmail.com,2850243,0,12,01/21/1993 22:11:08,
31,1,John Potter,268204,China,JoPo632@gmail.com,2617759,0,5,06/19/2000 04:51:07,
32,0,Sophie Parker,115573,Spain,SoPa967@gmail.com,2482825,0,5,09/05/1993 17:45:35,
33,1,Bob Potter,184080,Japan,BoPo408@gmail.com,2458127,0,7,02/27/1998 08:05:26,
34,1,Mark Sergushev,104247,Japan,MaSe960@gmail.com,2238418,0,10,07/05/1996 20:12:05,
35,1,Sergey Perky,498475,Germany,SePe914@gmail.com,2278194,0,19,04/19/1997 09:17:37,
36,1,Pavel Smith,171808,Spain,PaSm750@gmail.com,2757215,0,4,04/16/1991 07:39:11,
37,0,Darya Potter,801829,Canada,DaPo649@gmail.com,2337108,0,10,10/19/1990 17:09:17,
38,1,Charlie Parker,925341,Spain,ChPa421@gmail.com,2507344,0,12,04/09/2001 02:55:14,
39,0,Elena Preton,378026,Spain,ElPr843@gmail.com,2408704,0,9,02/15/1999 14:10:05,
40,0,Darya Preton,723760,China,DaPr329@gmail.com,2781933,0,2,09/08/1999 00:48:14,
41,0,Tanya Perky,386841,Belarus,TaPe499@gmail.com,2483180,0,3,10/24/1994 13:31:52,
42,0,Tanya Sergushev,947720,Italy,TaSe988@gmail.com,2213322,0,16,02/02/1995 09:47:33,
43,1,Bob Caramba,440025,South Korea,BoCa156@gmail.com,2247925,0,12,01/05/1993 10:57:17,
44,0,Jane Potter,637023,Russia,JaPo182@gmail.com,2372385,0,3,11/27/1991 06:40:19,
45,1,Bob Potter,187088,Spain,BoPo564@gmail.com,2724776,0,19,07/06/1992 23:15:27,
46,0,Jane Parker,533373,Germany,JaPa885@gmail.com,2508190,0,14,05/02/1991 14:41:23,
47,0,Trisha Smith,856512,Russia,TrSm950@gmail.com,2842844,0,5,04/06/1995 03:02:32,
48,1,John Caramba,322445,Italy,JoCa533@gmail.com,2851501,0,8,06/23/1995 02:24:44,
49,1,John Potter,145055,Brazil,JoPo317@gmail.com,2181578,0,3,10/24/1990 05:21:32,
50,1,Peter Caramba,369844,Russia,PeCa153@gmail.com,2454703,0,5,03/18/2000 11:12:57,
51,1,Cid Parker,253923,China,CiPa520@gmail.com,2335518,0,13,03/23/1999 09:47:54,
52,0,Trisha Preton,397008,Italy,TrPr220@gmail.com,2532644,0,11,08/22/1999 03:19:30,
53,1,Charlie Smith,160891,Brazil,ChSm186@gmail.com,2816657,0,17,05/01/1990 00:53:44,
54,1,Sergey Sergushev,581916,Spain,SeSe842@gmail.com,2338598,0,12,06/07/2002 18:01:26,
55,1,Peter Smith,750438,Canada,PeSm954@gmail.com,2639212,0,4,12/20/1998 13:39:08,
56,1,Peter Parker,481430,Canada,PePa437@gmail.com,2569137,0,8,02/11/2001 08:21:05,
57,1,Jabba Belkov,782926,Japan,JaBe327@gmail.com,2622599,0,2,02/15/1997 22:24:15,
58,0,Tanya Belkov,659773,USA,TaBe688@gmail.com,2598832,0,5,10/31/2001 07:04:41,
59,0,Tanya Caramba,366622,South Korea,TaCa132@gmail.com,2908481,0,11,04/13/1991 22:25:24,
60,0,Sophie Parker,129750,USA,SoPa969@gmail.com,2505403,0,5,10/02/1993 02:18:21,
61,0,Tanya Potter,133707,Russia,TaPo300@gmail.com,2887597,0,17,08/17/1994 16:54:40,
62,0,Jane Sergushev,305261,Spain,JaSe887@gmail.com,2210302,0,2,06/26/1993 13:06:29,
63,1,Sergey Smith,159932,Spain,SeSm351@gmail.com,2738922,0,6,04/03/1997 01:46:52,
64,0,Sophie Parker,135825,Belarus,SoPa793@gmail.com,2492844,0,4,01/18/1991 16:20:38,
65,0,Sophie Caramba,484983,South Korea,SoCa193@gmail.com,2247215,0,1,11/16/1998 21:28:20,
66,0,Tanya Sergushev,969388,Spain,TaSe767@gmail.com,2878603,0,12,02/13/1999 02:08:00,
67,1,Charlie Perky,874806,China,ChPe609@gmail.com,2936181,0,4,01/27/1998 17:23:15,
68,0,Sophie Perky,676771,Canada,SoPe813@gmail.com,2737766,0,2,03/20/1990 06:18:47,
69,0,Elena Smith,282193,Spain,ElSm238@gmail.com,2336139,0,16,04/16/1997 21:12:05,
70,1,Pavel Smith,177118,Belarus,PaSm501@gmail.com,2235966,0,13,08/16/1996 07:14:26,
71,0,Sophie Parker,169079,South Korea,SoPa801@gmail.com,2946687,0,11,07/25/1991 18:05:52,
72,0,Darya Perky,648854,China,DaPe910@gmail.com,2711790,0,9,02/24/1995 03:20:29,
73,0,Sasha Preton,786898,Italy,SaPr773@gmail.com,2790298,0,8,07/27/1990 03:57:57,
74,1,Sam Perky,515406,South Korea,SaPe339@gmail.com,2214178,0,15,10/22/1995 21:07:06,
75,0,Elena Parker,526803,China,ElPa806@gmail.com,2639741,0,2,12/29/1991 21:51:48,
76,1,Mark Belkov,451188,Japan,MaBe791@gmail.com,2114993,0,16,11/08/1999 13:31:44,
77,0,Darya Caramba,221419,China,DaCa514@gmail.com,2464188,0,4,12/12/1990 08:58:52,
78,1,Sergey Belkov,746966,South Korea,SeBe818@gmail.com,2228625,0,1,04/30/1996 19:36:22,
79,1,Cid Preton,750742,Russia,CiPr501@gmail.com,2693846,0,15,12/10/2001 11:35:59,
80,0,Darya Preton,288321,South Korea,DaPr734@gmail.com,2504808,0,19,02/20/2002 10:39:07,
